[
  {
    "id": "/subscriptions/5c96f086-5467-43b5-b45e-f23b77b5b80e/resourceGroups/DefaultResourceGroup-EUS/providers/Microsoft.Resources/deployments/Microsoft.SQLDatabase.newDatabaseNewServer_1afc1d87c5994a7ca8e27/operations/A4A7FC66EB617EB4",
    "operationId": "A4A7FC66EB617EB4",
    "properties": {
      "provisioningOperation": "Create",
      "provisioningState": "Running",
      "timestamp": "2023-03-24T07:18:58.9615376Z",
      "duration": "PT13.4343921S",
      "trackingId": "724b489e-899b-45bf-9c36-0d4d460b774a",
      "statusCode": "Accepted",
      "targetResource": {
        "id": "/subscriptions/5c96f086-5467-43b5-b45e-f23b77b5b80e/resourceGroups/DefaultResourceGroup-EUS/providers/Microsoft.Sql/servers/kingdomwebappdb",
        "resourceType": "Microsoft.Sql/servers",
        "resourceName": "kingdomwebappdb"
      }
    }
  }
]