{
  "id": "/subscriptions/5c96f086-5467-43b5-b45e-f23b77b5b80e/resourceGroups/DefaultResourceGroup-EUS/providers/Microsoft.Resources/deployments/Microsoft.SQLDatabase.newDatabaseNewServer_1afc1d87c5994a7ca8e27",
  "name": "Microsoft.SQLDatabase.newDatabaseNewServer_1afc1d87c5994a7ca8e27",
  "type": "Microsoft.Resources/deployments",
  "tags": {
    "primaryResourceId": "/subscriptions/5c96f086-5467-43b5-b45e-f23b77b5b80e/resourceGroups/DefaultResourceGroup-EUS/providers/Microsoft.Sql/servers/kingdomwebappdb/databases/KingdomWebAppDb",
    "marketplaceItemId": "Microsoft.SQLDatabase"
  },
  "properties": {
    "templateHash": "3234004577519109500",
    "parameters": {
      "administratorLogin": {
        "type": "String",
        "value": ""
      },
      "administratorLoginPassword": {
        "type": "SecureString"
      },
      "administrators": {
        "type": "Object",
        "value": {
          "administratorType": "activeDirectory",
          "login": "dzeanah@student.umgc.edu",
          "sid": "364737e9-39a2-4b68-9582-7f884432a913",
          "tenantId": "704ce3d6-a4bf-4e09-8516-d52840c9f7a9",
          "azureADOnlyAuthentication": true,
          "principalType": "User"
        }
      },
      "collation": {
        "type": "String",
        "value": "SQL_Latin1_General_CP1_CI_AS"
      },
      "databaseName": {
        "type": "String",
        "value": "KingdomWebAppDb"
      },
      "tier": {
        "type": "String",
        "value": "Basic"
      },
      "skuName": {
        "type": "String",
        "value": "Basic"
      },
      "location": {
        "type": "String",
        "value": "eastus"
      },
      "maxSizeBytes": {
        "type": "Int",
        "value": 2147483648
      },
      "serverName": {
        "type": "String",
        "value": "kingdomwebappdb"
      },
      "sampleName": {
        "type": "String",
        "value": ""
      },
      "zoneRedundant": {
        "type": "Bool",
        "value": false
      },
      "licenseType": {
        "type": "String",
        "value": ""
      },
      "readScaleOut": {
        "type": "String",
        "value": "Disabled"
      },
      "numberOfReplicas": {
        "type": "Int",
        "value": 0
      },
      "minCapacity": {
        "type": "String",
        "value": ""
      },
      "autoPauseDelay": {
        "type": "Int",
        "value": 0
      },
      "enableADS": {
        "type": "Bool",
        "value": false
      },
      "allowAzureIps": {
        "type": "Bool",
        "value": false
      },
      "databaseTags": {
        "type": "Object",
        "value": {}
      },
      "serverTags": {
        "type": "Object",
        "value": {}
      },
      "enableVA": {
        "type": "Bool",
        "value": false
      },
      "useVAManagedIdentity": {
        "type": "Bool",
        "value": false
      },
      "vaStoragelessEnabled": {
        "type": "Bool",
        "value": false
      },
      "enablePrivateEndpoint": {
        "type": "Bool",
        "value": false
      },
      "privateEndpointNestedTemplateId": {
        "type": "String",
        "value": "pe-7836f330-75bd-4b7c-9ee5-e7b860eec035"
      },
      "privateEndpointSubscriptionId": {
        "type": "String",
        "value": ""
      },
      "privateEndpointResourceGroup": {
        "type": "String",
        "value": ""
      },
      "privateEndpointName": {
        "type": "String",
        "value": ""
      },
      "privateEndpointLocation": {
        "type": "String",
        "value": ""
      },
      "privateEndpointSubnetId": {
        "type": "String",
        "value": ""
      },
      "privateLinkServiceName": {
        "type": "String",
        "value": ""
      },
      "privateLinkServiceServiceId": {
        "type": "String",
        "value": ""
      },
      "privateEndpointVnetSubscriptionId": {
        "type": "String",
        "value": ""
      },
      "privateEndpointVnetResourceGroup": {
        "type": "String",
        "value": ""
      },
      "privateEndpointVnetName": {
        "type": "String",
        "value": ""
      },
      "privateEndpointSubnetName": {
        "type": "String",
        "value": ""
      },
      "enablePrivateDnsZone": {
        "type": "Bool",
        "value": true
      },
      "privateLinkPrivateDnsZoneFQDN": {
        "type": "String",
        "value": "privatelink.database.windows.net"
      },
      "privateEndpointDnsRecordUniqueId": {
        "type": "String",
        "value": "7836f330-75bd-4b7c-9ee5-e7b860eec038"
      },
      "privateEndpointTemplateLink": {
        "type": "String",
        "value": "https://sqlazureextension.hosting.portal.azure.net/sqlazureextension/Content/2.1.0225764/DeploymentTemplates/PrivateEndpoint.json"
      },
      "privateDnsForPrivateEndpointTemplateLink": {
        "type": "String",
        "value": "https://sqlazureextension.hosting.portal.azure.net/sqlazureextension/Content/2.1.0225764/DeploymentTemplates/PrivateDnsForPrivateEndpoint.json"
      },
      "privateDnsForPrivateEndpointNicTemplateLink": {
        "type": "String",
        "value": "https://sqlazureextension.hosting.portal.azure.net/sqlazureextension/Content/2.1.0225764/DeploymentTemplates/PrivateDnsForPrivateEndpointNic.json"
      },
      "privateDnsForPrivateEndpointIpConfigTemplateLink": {
        "type": "String",
        "value": "https://sqlazureextension.hosting.portal.azure.net/sqlazureextension/Content/2.1.0225764/DeploymentTemplates/PrivateDnsForPrivateEndpointIpConfig.json"
      },
      "allowClientIp": {
        "type": "Bool",
        "value": false
      },
      "clientIpRuleName": {
        "type": "String",
        "value": "ClientIp-2023-3-24_2-18-34"
      },
      "clientIpValue": {
        "type": "String",
        "value": "172.56.224.52"
      },
      "publicNetworkAccess": {
        "type": "String",
        "value": "Disabled"
      },
      "requestedBackupStorageRedundancy": {
        "type": "String",
        "value": "Zone"
      },
      "maintenanceConfigurationId": {
        "type": "String",
        "value": "/subscriptions/5c96f086-5467-43b5-b45e-f23b77b5b80e/providers/Microsoft.Maintenance/publicMaintenanceConfigurations/SQL_Default"
      },
      "keyId": {
        "type": "String",
        "value": ""
      },
      "identity": {
        "type": "Object",
        "value": {
          "type": "None"
        }
      },
      "primaryUserAssignedIdentityId": {
        "type": "String",
        "value": ""
      },
      "minimalTlsVersion": {
        "type": "String",
        "value": "1.2"
      },
      "enableSqlLedger": {
        "type": "Bool",
        "value": false
      },
      "connectionType": {
        "type": "String",
        "value": "Default"
      },
      "enableDigestStorage": {
        "type": "String",
        "value": "Disabled"
      },
      "digestStorageOption": {
        "type": "String",
        "value": ""
      },
      "digestStorageName": {
        "type": "String",
        "value": ""
      },
      "blobStorageContainerName": {
        "type": "String",
        "value": ""
      },
      "retentionDays": {
        "type": "String",
        "value": ""
      },
      "retentionPolicy": {
        "type": "Bool",
        "value": false
      },
      "digestAccountResourceGroup": {
        "type": "String",
        "value": ""
      },
      "digestRegion": {
        "type": "String",
        "value": ""
      },
      "storageAccountdigestRegion": {
        "type": "String",
        "value": ""
      },
      "isNewDigestLocation": {
        "type": "Bool",
        "value": false
      },
      "isPermissionAssigned": {
        "type": "Bool",
        "value": false
      },
      "sqlLedgerTemplateLink": {
        "type": "String",
        "value": "https://sqlazureextension.hosting.portal.azure.net/sqlazureextension/Content/2.1.0225764/DeploymentTemplates/SqlLedger.json"
      },
      "federatedClientId": {
        "type": "String",
        "value": ""
      },
      "servicePrincipal": {
        "type": "Object",
        "value": {
          "type": "None"
        }
      }
    },
    "mode": "Incremental",
    "debugSetting": {
      "detailLevel": "None"
    },
    "provisioningState": "Running",
    "timestamp": "2023-03-24T07:18:58.9289948Z",
    "duration": "PT13.8936007S",
    "correlationId": "eaae1426-3fc9-4f83-9ea5-5e2ca2ffa621",
    "providers": [
      {
        "namespace": "Microsoft.Sql",
        "resourceTypes": [
          {
            "resourceType": "servers",
            "locations": [
              "eastus"
            ]
          },
          {
            "resourceType": "servers/databases",
            "locations": [
              "eastus"
            ]
          },
          {
            "resourceType": "servers/connectionPolicies",
            "locations": [
              "eastus"
            ]
          }
        ]
      }
    ],
    "dependencies": [
      {
        "dependsOn": [
          {
            "id": "/subscriptions/5c96f086-5467-43b5-b45e-f23b77b5b80e/resourceGroups/DefaultResourceGroup-EUS/providers/Microsoft.Sql/servers/kingdomwebappdb",
            "resourceType": "Microsoft.Sql/servers",
            "resourceName": "kingdomwebappdb"
          },
          {
            "id": "/subscriptions/5c96f086-5467-43b5-b45e-f23b77b5b80e/resourceGroups/DefaultResourceGroup-EUS/providers/Microsoft.Storage/storageAccounts/sqlva3zxztaclxofrs",
            "resourceType": "Microsoft.Storage/storageAccounts",
            "resourceName": "sqlva3zxztaclxofrs"
          },
          {
            "id": "/subscriptions/5c96f086-5467-43b5-b45e-f23b77b5b80e/resourceGroups/DefaultResourceGroup-EUS/providers/Microsoft.Sql/servers/kingdomwebappdb",
            "resourceType": "Microsoft.Sql/servers",
            "resourceName": "kingdomwebappdb",
            "apiVersion": "2018-06-01-preview"
          }
        ],
        "id": "/subscriptions/5c96f086-5467-43b5-b45e-f23b77b5b80e/resourceGroups/DefaultResourceGroup-EUS/providers/Microsoft.Storage/storageAccounts/sqlva3zxztaclxofrs/providers/Microsoft.Authorization/roleAssignments/5879d923-783a-5ad5-b097-82ec58cda64a",
        "resourceType": "Microsoft.Storage/storageAccounts/providers/roleAssignments",
        "resourceName": "sqlva3zxztaclxofrs/Microsoft.Authorization/5879d923-783a-5ad5-b097-82ec58cda64a"
      },
      {
        "dependsOn": [
          {
            "id": "/subscriptions/5c96f086-5467-43b5-b45e-f23b77b5b80e/resourceGroups/DefaultResourceGroup-EUS/providers/Microsoft.Sql/servers/kingdomwebappdb",
            "resourceType": "Microsoft.Sql/servers",
            "resourceName": "kingdomwebappdb"
          }
        ],
        "id": "/subscriptions/5c96f086-5467-43b5-b45e-f23b77b5b80e/resourceGroups/DefaultResourceGroup-EUS/providers/Microsoft.Sql/servers/kingdomwebappdb/databases/KingdomWebAppDb",
        "resourceType": "Microsoft.Sql/servers/databases",
        "resourceName": "kingdomwebappdb/KingdomWebAppDb"
      },
      {
        "dependsOn": [
          {
            "id": "/subscriptions/5c96f086-5467-43b5-b45e-f23b77b5b80e/resourceGroups/DefaultResourceGroup-EUS/providers/Microsoft.Sql/servers/kingdomwebappdb",
            "resourceType": "Microsoft.Sql/servers",
            "resourceName": "kingdomwebappdb"
          }
        ],
        "id": "/subscriptions/5c96f086-5467-43b5-b45e-f23b77b5b80e/resourceGroups/DefaultResourceGroup-EUS/providers/Microsoft.Sql/servers/kingdomwebappdb/firewallrules/AllowAllWindowsAzureIps",
        "resourceType": "Microsoft.Sql/servers/firewallrules",
        "resourceName": "kingdomwebappdb/AllowAllWindowsAzureIps"
      },
      {
        "dependsOn": [
          {
            "id": "/subscriptions/5c96f086-5467-43b5-b45e-f23b77b5b80e/resourceGroups/DefaultResourceGroup-EUS/providers/Microsoft.Sql/servers/kingdomwebappdb",
            "resourceType": "Microsoft.Sql/servers",
            "resourceName": "kingdomwebappdb"
          }
        ],
        "id": "/subscriptions/5c96f086-5467-43b5-b45e-f23b77b5b80e/resourceGroups/DefaultResourceGroup-EUS/providers/Microsoft.Sql/servers/kingdomwebappdb/connectionPolicies/Default",
        "resourceType": "Microsoft.Sql/servers/connectionPolicies",
        "resourceName": "kingdomwebappdb/Default"
      },
      {
        "dependsOn": [
          {
            "id": "/subscriptions/5c96f086-5467-43b5-b45e-f23b77b5b80e/resourceGroups/DefaultResourceGroup-EUS/providers/Microsoft.Sql/servers/kingdomwebappdb",
            "resourceType": "Microsoft.Sql/servers",
            "resourceName": "kingdomwebappdb"
          }
        ],
        "id": "/subscriptions/5c96f086-5467-43b5-b45e-f23b77b5b80e/resourceGroups/DefaultResourceGroup-EUS/providers/Microsoft.Sql/servers/kingdomwebappdb/firewallrules/ClientIp-2023-3-24_2-18-34",
        "resourceType": "Microsoft.Sql/servers/firewallrules",
        "resourceName": "kingdomwebappdb/ClientIp-2023-3-24_2-18-34"
      },
      {
        "dependsOn": [
          {
            "id": "/subscriptions/5c96f086-5467-43b5-b45e-f23b77b5b80e/resourceGroups/DefaultResourceGroup-EUS/providers/Microsoft.Sql/servers/kingdomwebappdb",
            "resourceType": "Microsoft.Sql/servers",
            "resourceName": "kingdomwebappdb"
          },
          {
            "id": "/subscriptions/5c96f086-5467-43b5-b45e-f23b77b5b80e/resourceGroups/DefaultResourceGroup-EUS/providers/Microsoft.Sql/servers/kingdomwebappdb/databases/KingdomWebAppDb",
            "resourceType": "Microsoft.Sql/servers/databases",
            "resourceName": "kingdomwebappdb/KingdomWebAppDb"
          }
        ],
        "id": "/subscriptions/5c96f086-5467-43b5-b45e-f23b77b5b80e/resourceGroups/DefaultResourceGroup-EUS/providers/Microsoft.Sql/servers/kingdomwebappdb/advancedThreatProtectionSettings/Default",
        "resourceType": "Microsoft.Sql/servers/advancedThreatProtectionSettings",
        "resourceName": "kingdomwebappdb/Default"
      },
      {
        "dependsOn": [
          {
            "id": "/subscriptions/5c96f086-5467-43b5-b45e-f23b77b5b80e/resourceGroups/DefaultResourceGroup-EUS/providers/Microsoft.Sql/servers/kingdomwebappdb",
            "resourceType": "Microsoft.Sql/servers",
            "resourceName": "kingdomwebappdb"
          },
          {
            "id": "/subscriptions/5c96f086-5467-43b5-b45e-f23b77b5b80e/resourceGroups/DefaultResourceGroup-EUS/providers/Microsoft.Storage/storageAccounts/sqlva3zxztaclxofrs",
            "resourceType": "Microsoft.Storage/storageAccounts",
            "resourceName": "sqlva3zxztaclxofrs"
          },
          {
            "id": "/subscriptions/5c96f086-5467-43b5-b45e-f23b77b5b80e/resourceGroups/DefaultResourceGroup-EUS/providers/Microsoft.Sql/servers/kingdomwebappdb/advancedThreatProtectionSettings/Default",
            "resourceType": "Microsoft.Sql/servers/advancedThreatProtectionSettings",
            "resourceName": "kingdomwebappdb/Default"
          }
        ],
        "id": "/subscriptions/5c96f086-5467-43b5-b45e-f23b77b5b80e/resourceGroups/DefaultResourceGroup-EUS/providers/Microsoft.Sql/servers/kingdomwebappdb/vulnerabilityAssessments/Default",
        "resourceType": "Microsoft.Sql/servers/vulnerabilityAssessments",
        "resourceName": "kingdomwebappdb/Default"
      },
      {
        "dependsOn": [
          {
            "id": "/subscriptions/5c96f086-5467-43b5-b45e-f23b77b5b80e/resourceGroups/DefaultResourceGroup-EUS/providers/Microsoft.Sql/servers/kingdomwebappdb",
            "resourceType": "Microsoft.Sql/servers",
            "resourceName": "kingdomwebappdb"
          }
        ],
        "id": "/subscriptions/5c96f086-5467-43b5-b45e-f23b77b5b80e/resourceGroups/DefaultResourceGroup-EUS/providers/Microsoft.Sql/servers/kingdomwebappdb/sqlVulnerabilityAssessments/Default",
        "resourceType": "Microsoft.Sql/servers/sqlVulnerabilityAssessments",
        "resourceName": "kingdomwebappdb/Default"
      },
      {
        "dependsOn": [
          {
            "id": "/subscriptions/5c96f086-5467-43b5-b45e-f23b77b5b80e/resourceGroups/DefaultResourceGroup-EUS/providers/Microsoft.Sql/servers/kingdomwebappdb/databases/KingdomWebAppDb",
            "resourceType": "Microsoft.Sql/servers/databases",
            "resourceName": "kingdomwebappdb/KingdomWebAppDb"
          },
          {
            "id": "/subscriptions/5c96f086-5467-43b5-b45e-f23b77b5b80e/resourceGroups/DefaultResourceGroup-EUS/providers/Microsoft.Resources/deployments/SubnetPolicies-",
            "resourceType": "Microsoft.Resources/deployments",
            "resourceName": "SubnetPolicies-"
          }
        ],
        "id": "/subscriptions/5c96f086-5467-43b5-b45e-f23b77b5b80e/resourceGroups/DefaultResourceGroup-EUS/providers/Microsoft.Resources/deployments/PrivateEndpoint-",
        "resourceType": "Microsoft.Resources/deployments",
        "resourceName": "PrivateEndpoint-"
      },
      {
        "dependsOn": [
          {
            "id": "/subscriptions/5c96f086-5467-43b5-b45e-f23b77b5b80e/resourceGroups/DefaultResourceGroup-EUS/providers/Microsoft.Resources/deployments/PrivateEndpoint-",
            "resourceType": "Microsoft.Resources/deployments",
            "resourceName": "PrivateEndpoint-"
          }
        ],
        "id": "/subscriptions/5c96f086-5467-43b5-b45e-f23b77b5b80e/resourceGroups/DefaultResourceGroup-EUS/providers/Microsoft.Resources/deployments/PrivateDns-pe-7836f330-75bd-4b7c-9ee5-e7b860eec035",
        "resourceType": "Microsoft.Resources/deployments",
        "resourceName": "PrivateDns-pe-7836f330-75bd-4b7c-9ee5-e7b860eec035"
      },
      {
        "dependsOn": [
          {
            "id": "/subscriptions/5c96f086-5467-43b5-b45e-f23b77b5b80e/resourceGroups/DefaultResourceGroup-EUS/providers/Microsoft.Sql/servers/kingdomwebappdb",
            "resourceType": "Microsoft.Sql/servers",
            "resourceName": "kingdomwebappdb"
          },
          {
            "id": "/subscriptions/5c96f086-5467-43b5-b45e-f23b77b5b80e/resourceGroups/DefaultResourceGroup-EUS/providers/Microsoft.Sql/servers/kingdomwebappdb/databases/KingdomWebAppDb",
            "resourceType": "Microsoft.Sql/servers/databases",
            "resourceName": "kingdomwebappdb/KingdomWebAppDb"
          }
        ],
        "id": "/subscriptions/5c96f086-5467-43b5-b45e-f23b77b5b80e/resourceGroups/DefaultResourceGroup-EUS/providers/Microsoft.Resources/deployments/ledger-",
        "resourceType": "Microsoft.Resources/deployments",
        "resourceName": "ledger-"
      }
    ],
    "validationLevel": "Template"
  }
}